aviID_short,week-0,week-1,week-2,week-3,week-4,week-5,week-6,week-7,week-8,week-9,week-10,week-11,week-12,week-13,week-14,week-15,week-16,week-17,week-18,week-19,week-20,week-21,week-22,week-23,week-24,week-25,week-26,week-27,week-28,week-29,week-30,week-31,week-32,week-33,week-34,week-35,week-36,week-37,week-38,week-39,week-40,week-41,week-42,week-43,week-44,week-45,week-46,week-47,week-48,week-49,week-50,week-51
00124D98,4,11,4,14,7,2,3,8,6,10,17,9,11,11,10,15,55,28,23,16,24,16,14,27,12,8,11,13,4,11,20,10,7,13,18,24,5,2,9,7,8,11,5,7,4,11,3,11,5,5,14,3
01060BFD,4,6,0,6,0,0,5,3,0,1,2,0,1,1,1,2,18,1,1,0,1,0,2,0,0,0,21,9,3,10,19,5,4,8,3,10,4,12,8,2,5,4,1,3,16,1,5,5,0,3,0,2
018B3169,7,7,3,8,3,2,0,9,1,4,6,6,4,1,7,1,1,1,0,0,0,1,0,0,3,0,1,0,0,0,1,1,1,1,0,1,0,1,1,0,0,1,1,2,6,5,1,3,1,1,6,9
03AC32BA,2,5,1,6,2,4,2,5,3,4,2,8,1,1,3,1,9,0,1,1,0,2,0,1,0,1,0,2,1,0,2,0,1,0,0,1,0,1,0,1,1,3,2,0,5,3,2,3,5,7,3,4
0413ED30,3,4,2,3,1,6,6,4,2,1,4,7,1,3,4,5,2,1,0,0,1,0,0,0,0,0,0,0,1,1,6,2,6,12,8,8,10,4,5,3,4,6,8,5,1,5,5,2,1,5,2,11
06B9BD24,21,18,7,8,5,14,6,2,6,2,4,6,3,4,1,3,6,4,12,1,1,0,0,0,0,0,0,0,4,1,2,3,12,4,6,3,1,2,6,5,8,2,4,4,3,2,3,5,2,6,0,9
0716A71C,0,0,0,0,0,0,0,2,0,0,0,0,0,0,1,0,2,0,0,1,0,1,5,2,1,3,3,0,4,1,2,11,2,6,7,10,16,17,4,10,9,4,11,5,2,9,9,10,1,3,4,9
0783A7EA,6,6,5,12,14,7,7,7,11,8,8,5,5,3,2,2,0,1,0,0,1,0,0,1,0,0,0,0,0,0,0,0,0,0,0,0,0,0,1,1,2,4,2,7,3,4,3,8,9,10,12,11
0ADA5F17,0,0,0,0,0,0,0,0,0,0,0,0,0,0,0,0,5,9,10,9,7,6,12,9,3,12,11,8,7,5,2,11,3,1,7,2,5,8,5,6,1,1,0,0,0,0,1,0,1,0,1,0
0B1B2EB6,8,4,1,4,4,4,1,8,4,4,6,7,1,2,0,0,3,0,1,1,0,2,2,4,2,3,6,5,3,2,1,2,1,0,1,0,2,3,15,9,13,6,11,12,19,10,15,16,5,16,3,8
0D88C072,5,3,1,5,4,2,3,5,3,3,7,2,4,1,3,0,7,2,4,2,3,1,1,5,2,1,5,1,2,10,4,5,4,4,2,5,4,4,4,2,4,8,2,4,12,9,5,1,6,8,1,4
0E599E6C,5,20,8,12,5,11,2,9,8,13,24,8,3,13,7,6,11,5,2,2,2,7,13,8,3,2,0,1,0,0,0,1,1,1,0,2,1,1,4,2,3,2,5,8,6,8,6,8,2,6,25,9
115F04DD,21,18,7,18,3,9,5,5,8,10,16,10,5,1,15,4,2,0,0,0,0,0,1,0,0,0,0,0,0,0,0,0,0,0,0,0,1,6,3,8,3,13,5,14,3,14,10,13,1,4,9,11
15369E8E,4,1,1,9,2,5,3,3,0,2,2,1,0,1,1,2,10,0,1,1,0,0,0,0,0,0,0,1,0,0,0,1,0,0,0,0,0,5,2,0,2,2,7,5,20,2,4,11,5,6,8,2
1929E1E1,14,8,4,8,7,3,5,6,5,6,4,7,1,1,1,1,1,1,1,0,1,0,0,0,2,0,0,0,0,0,0,0,0,0,0,0,1,1,1,0,1,1,0,0,1,1,3,10,2,9,13,8
19CCBBD2,4,6,3,8,5,5,4,6,4,4,6,8,4,2,3,3,15,6,2,8,7,5,6,6,4,2,4,2,1,2,2,4,7,6,3,7,5,4,6,10,4,6,5,9,1,7,2,5,3,4,3,3
1E1AB415,0,2,1,3,1,1,4,3,2,2,5,5,2,2,5,4,31,15,12,10,12,13,18,18,4,4,14,10,8,2,8,3,4,4,2,1,3,0,5,4,3,1,0,0,6,1,0,4,2,3,1,1
1F09CCCC,0,0,0,0,0,0,0,0,0,0,0,4,6,6,8,6,12,7,6,1,10,6,10,12,9,5,5,6,5,1,6,5,2,2,8,10,4,7,0,0,0,0,0,0,1,1,0,1,0,0,0,0
20748450,3,3,1,5,0,3,1,5,0,2,3,3,3,2,2,3,10,8,2,2,5,7,3,4,5,5,1,3,2,1,0,2,3,1,1,5,1,0,1,0,0,1,1,2,1,2,3,1,3,0,2,4
20C2214E,24,35,16,33,6,30,12,26,13,24,18,12,9,12,2,2,13,8,9,2,5,3,4,6,2,4,6,3,2,3,3,5,4,4,16,12,8,4,11,17,11,13,7,13,17,17,16,13,7,18,19,27
2225D685,2,2,6,3,3,4,4,9,6,3,13,12,13,4,18,14,19,17,11,13,24,18,24,33,19,13,21,8,17,23,17,13,26,13,8,17,19,15,10,24,15,6,11,13,12,10,1,8,6,9,7,5
2281F1C7,0,0,0,0,0,0,0,0,0,0,0,6,8,11,15,5,56,28,26,6,10,18,17,7,10,6,7,10,9,6,8,4,8,2,2,2,0,0,0,0,0,0,0,0,0,0,0,0,0,0,0,0
23863F65,13,15,4,18,5,12,7,5,6,11,8,7,4,2,1,2,4,5,1,0,0,0,1,3,0,0,5,2,0,2,4,4,3,1,3,2,6,2,3,17,9,11,4,3,14,11,29,15,9,8,14,16
240E3390,4,7,3,11,0,7,2,6,1,4,7,8,8,7,10,14,31,21,8,4,14,10,29,9,8,9,8,6,8,12,14,7,7,2,1,8,5,6,5,14,4,3,3,9,8,6,5,5,2,5,2,1
249AE8DF,15,12,2,17,11,6,10,9,8,6,4,14,4,10,8,5,2,1,3,3,1,3,2,0,1,0,1,2,5,7,12,3,18,7,13,15,7,12,6,10,12,18,10,8,39,5,18,8,4,9,6,11
25C94A8F,8,6,3,11,5,2,1,7,8,13,10,13,9,1,5,1,3,2,2,1,0,0,1,0,3,0,1,0,0,1,0,1,0,0,1,0,0,0,0,0,0,0,0,4,0,1,2,5,0,7,2,4
27903EF7,8,1,1,5,0,5,4,2,1,3,8,4,2,1,3,1,1,0,0,0,0,0,0,0,1,0,0,1,1,3,6,3,1,9,9,6,11,7,11,11,8,11,7,5,12,2,5,10,1,1,1,3
27B2749A,4,0,0,1,1,10,2,3,4,5,5,4,5,4,4,6,15,3,8,13,2,4,4,0,0,2,10,6,0,0,2,2,2,2,4,3,5,0,1,4,4,4,8,5,3,2,0,3,0,1,2,1
28669A3D,13,13,9,21,8,15,13,10,9,15,3,1,8,2,1,0,3,2,1,1,2,1,1,0,1,1,2,3,0,3,0,0,1,0,1,1,3,4,10,13,8,24,19,18,27,11,22,10,9,12,8,22
2F5DF476,0,0,0,0,0,0,0,0,0,0,0,1,0,1,4,3,11,6,10,4,4,6,11,7,7,4,6,6,12,5,21,6,12,2,3,3,0,0,0,0,1,0,0,1,0,0,0,0,0,0,0,0
32DCEC14,12,14,5,14,8,5,3,6,4,8,6,7,7,14,5,1,5,4,3,0,0,1,0,0,1,1,0,0,1,2,1,0,3,0,2,0,0,0,3,13,5,6,7,11,7,4,4,5,2,6,7,12
3558066B,4,8,9,8,5,4,3,8,8,4,10,2,3,2,1,1,1,3,1,3,0,0,0,6,3,2,5,1,2,1,5,3,3,5,11,12,6,6,6,8,4,8,5,12,10,4,6,5,1,8,8,5
36171C2B,4,9,8,7,4,6,0,10,5,6,3,6,1,0,1,0,4,1,2,1,2,0,4,2,0,1,2,2,0,1,1,0,1,3,0,0,0,1,0,3,0,4,0,5,3,4,4,5,0,1,0,5
36B3872D,10,18,9,28,10,18,18,21,17,14,38,23,22,14,15,43,60,32,18,6,18,37,24,29,16,9,24,15,24,18,40,19,25,8,15,28,20,26,30,31,24,18,12,15,23,24,16,10,16,19,15,43
39F29B55,4,3,0,2,0,1,1,1,0,1,11,0,5,6,2,2,7,6,3,1,2,16,26,5,9,11,7,14,5,5,19,5,5,4,5,5,5,0,0,2,7,1,1,1,2,0,1,4,1,0,2,0
3AC46C54,22,18,6,33,14,23,24,14,19,18,29,18,21,29,19,9,27,19,7,10,33,17,19,20,7,12,18,8,14,8,33,10,18,9,19,14,6,16,10,25,32,22,11,10,20,27,27,13,13,30,20,24
3EF081A8,2,6,4,3,3,6,2,5,0,4,5,7,0,1,2,1,3,2,3,0,3,5,0,3,3,1,2,0,1,1,0,3,1,2,2,2,1,0,3,3,0,0,0,3,3,2,1,8,2,3,6,6
3F9E1C51,0,0,0,0,0,0,0,0,0,0,0,0,0,0,1,2,3,0,0,1,0,0,0,0,1,0,0,1,0,5,3,11,9,11,20,8,7,2,4,0,2,1,2,2,2,2,0,0,0,0,0,0
407E2CA8,13,11,5,11,13,7,5,8,6,11,18,8,5,10,7,4,13,6,6,7,6,5,5,3,10,10,6,4,4,2,6,5,8,3,4,4,3,4,7,4,5,4,3,12,3,4,5,3,2,12,8,7
42393721,29,23,20,43,37,20,28,48,30,39,64,44,30,30,34,39,91,44,32,23,43,36,13,22,8,12,13,13,28,17,15,24,21,26,17,30,33,27,22,22,39,19,23,25,11,34,17,20,16,20,21,40
466E9077,9,9,8,20,7,5,0,9,1,6,8,9,9,3,0,1,2,0,0,1,0,0,0,1,0,0,0,0,0,0,0,0,0,0,0,0,1,0,6,20,4,6,11,6,12,11,14,5,2,3,47,15
49D9148A,32,34,21,40,34,33,26,26,19,21,46,29,19,18,10,10,39,18,19,11,30,20,33,28,12,23,19,13,15,13,21,31,36,32,60,61,53,61,27,45,37,54,36,26,28,29,35,28,15,22,24,61
4A5B4883,11,7,6,17,13,10,7,17,7,7,16,8,12,18,5,5,18,4,6,3,2,2,5,9,4,5,6,0,2,1,1,0,0,1,1,1,0,1,2,9,7,14,18,22,8,5,9,9,3,4,11,7
526A3692,0,0,0,0,0,0,0,0,0,0,0,0,3,6,2,3,17,9,6,0,7,10,8,0,4,8,6,4,5,2,7,8,2,4,5,5,0,0,0,0,0,0,0,0,0,0,0,0,0,0,0,1
5284C27B,11,8,4,14,8,9,8,11,3,7,4,13,2,5,3,0,6,1,1,0,1,1,2,2,3,2,1,6,8,8,6,5,8,10,13,20,6,11,9,13,14,11,9,4,64,8,16,5,5,5,3,13
52F63879,9,4,2,8,1,3,3,2,2,8,5,1,2,4,6,0,1,0,2,0,0,2,5,5,3,5,9,2,4,0,1,2,1,0,1,1,0,1,2,2,4,1,6,3,4,8,11,5,2,7,4,9
536A5157,54,47,37,93,41,79,41,89,45,36,63,45,51,32,28,27,65,42,35,15,23,36,29,24,16,17,29,18,30,20,24,22,24,23,38,35,31,38,53,71,44,59,44,67,80,74,70,52,26,70,78,81
538A9CA7,5,5,1,10,2,4,4,10,2,2,5,9,3,4,1,5,12,4,5,3,2,4,1,3,2,1,1,0,2,2,2,4,2,1,1,2,1,6,0,2,5,1,5,5,4,2,2,0,0,3,1,6
56036504,22,18,6,33,14,23,24,14,19,18,29,18,21,29,19,9,27,19,7,10,33,17,19,20,7,12,18,8,14,8,33,10,18,9,19,14,6,16,10,25,32,22,11,10,20,27,27,13,13,30,20,24
56CCA717,11,21,7,16,13,8,6,4,1,6,8,3,0,2,0,1,1,0,4,0,0,0,0,0,0,0,0,0,0,0,0,1,0,1,5,2,5,4,2,16,7,9,7,4,7,13,16,4,7,7,60,15
575A3E3B,24,10,14,18,9,15,35,24,24,29,27,24,14,28,25,18,33,19,23,15,21,45,44,52,23,14,16,19,19,14,67,23,25,20,20,40,37,21,20,27,34,17,10,16,23,17,16,30,14,15,15,48
58C502EA,0,0,0,0,0,0,0,2,0,0,4,9,9,9,15,10,33,22,11,9,12,10,25,17,9,10,11,12,13,11,29,8,15,2,18,5,4,2,2,0,0,0,0,0,0,0,0,0,0,0,0,0
5CBA3391,1,4,2,2,2,4,5,5,5,0,3,5,2,14,3,8,19,8,8,2,5,8,9,8,3,7,6,5,4,3,2,2,4,1,7,1,2,1,4,5,2,3,1,4,6,1,3,0,3,0,4,1
5F8E7CA8,5,7,1,15,4,15,2,4,2,0,6,7,0,2,4,3,3,2,5,1,2,2,2,1,2,0,2,0,3,1,1,1,0,2,6,1,2,3,5,9,3,4,1,2,6,1,3,0,0,1,1,2
603194D3,4,3,5,9,6,8,4,6,2,11,9,5,9,5,9,4,17,7,4,5,11,9,10,6,9,6,8,2,6,8,5,5,9,4,8,3,10,9,6,7,9,11,7,10,9,12,8,8,11,7,8,9
60E6081E,4,4,5,8,8,7,6,5,0,8,3,2,6,4,3,0,0,1,0,0,1,3,1,0,0,0,1,0,0,0,0,0,0,0,3,0,0,0,3,3,2,0,1,6,9,5,4,5,3,9,7,8
624078BA,13,5,2,15,9,7,10,12,8,11,10,13,6,7,7,3,11,1,10,1,1,5,11,4,5,4,14,1,2,2,3,2,2,5,7,3,3,0,2,2,4,6,3,10,8,4,11,14,5,10,4,9
68EA281A,16,28,9,29,18,25,10,17,14,25,15,16,6,12,2,1,0,4,0,2,0,1,0,0,0,0,1,0,0,0,0,0,1,0,0,1,0,0,1,3,1,0,0,0,4,15,19,11,23,21,16,27
6996D540,5,3,4,1,3,1,4,3,3,1,1,0,0,1,0,1,2,1,0,0,0,4,4,12,4,3,22,5,44,5,25,10,17,23,20,27,22,10,8,11,11,11,7,16,11,3,2,20,2,3,2,16
6BB94D7E,9,19,5,25,8,7,6,4,5,7,8,9,12,14,18,15,35,16,12,22,23,16,35,27,19,13,24,16,13,18,16,20,15,12,16,23,9,13,7,34,17,12,13,14,16,15,9,5,5,13,16,18
6C74415D,0,0,1,0,0,0,0,1,0,1,1,0,1,0,3,0,2,1,3,5,2,2,4,8,1,8,6,3,4,3,3,2,3,0,3,6,4,5,3,2,3,0,2,3,5,2,0,1,0,0,0,0
6EB81C98,11,9,2,14,6,9,2,4,7,12,18,14,9,6,5,3,5,0,1,0,0,1,3,3,0,1,3,5,2,15,9,9,5,8,6,10,7,12,15,34,12,41,16,24,32,7,20,14,6,14,11,15
75DC49AD,0,0,1,0,1,1,2,0,1,3,9,5,10,5,8,10,12,16,10,7,13,11,10,8,11,8,12,4,4,7,3,1,2,0,3,0,1,1,2,1,0,0,0,0,0,0,0,0,0,0,0,0
78509A5D,1,9,0,3,2,0,3,2,0,0,3,4,6,5,8,6,11,8,6,0,3,4,2,1,2,2,4,5,4,1,2,5,0,0,0,6,1,3,1,4,4,2,1,0,0,2,3,1,0,0,1,1
787E0536,3,1,4,8,1,7,4,5,4,5,6,13,7,4,1,3,8,4,3,2,2,6,9,6,4,1,2,0,3,3,2,2,2,0,2,7,4,0,2,5,2,5,0,1,2,3,6,4,2,1,4,7
7E022378,10,6,2,9,3,2,6,5,4,4,5,6,9,8,6,4,6,6,6,3,3,4,11,8,2,0,7,3,1,3,12,1,3,3,3,1,0,0,2,1,1,2,4,3,7,1,6,14,3,2,4,4
7E327303,15,10,9,10,6,20,9,23,6,7,12,10,25,15,18,26,51,36,30,6,18,25,11,14,12,20,25,9,7,4,12,11,20,8,11,20,22,22,15,14,22,18,10,21,18,16,16,12,8,15,9,24
7E65A952,0,0,0,0,0,0,0,0,0,0,0,8,2,7,9,9,18,13,9,2,7,6,11,11,9,7,2,6,3,10,1,3,0,1,1,1,0,0,0,0,0,0,0,0,0,0,0,0,0,0,0,0
7EFF698D,10,10,4,13,5,9,3,6,4,10,22,10,14,14,6,6,46,14,15,9,9,14,6,7,14,3,7,10,12,7,14,8,3,2,1,6,3,4,4,7,6,12,9,8,8,12,9,8,6,6,6,14
7FCE8A43,20,9,2,14,7,12,7,6,7,7,9,19,6,0,4,6,14,16,12,10,2,15,7,17,8,6,12,12,9,8,7,14,11,5,5,13,6,8,8,17,11,5,3,10,7,7,9,10,6,5,9,18
824361E5,0,0,0,0,0,0,0,0,0,0,0,0,1,2,7,12,19,7,11,14,10,14,5,18,4,11,7,7,4,7,6,7,1,1,1,1,0,1,1,1,0,0,0,0,0,0,0,0,0,0,0,1
85625D75,26,19,14,25,24,17,19,31,24,45,46,47,39,25,35,41,153,102,48,58,81,49,28,44,13,20,21,16,15,19,17,26,37,46,52,26,30,18,34,44,37,33,27,31,25,32,21,23,14,26,41,37
8601A467,45,38,26,55,17,37,29,39,27,36,37,35,23,26,22,22,27,19,16,6,4,17,17,27,11,6,14,15,15,10,20,14,11,8,12,10,17,31,43,40,65,59,41,58,64,40,44,35,31,37,31,57
866903B9,5,8,3,13,8,4,3,3,5,3,15,6,15,4,9,5,8,2,1,4,8,10,16,15,15,15,13,12,14,12,16,19,8,17,20,13,16,12,5,18,21,16,4,5,9,3,8,7,4,7,8,4
89431E9F,9,20,9,25,5,10,13,22,10,11,17,19,17,31,27,22,67,42,26,23,25,31,15,20,15,17,20,23,26,22,14,17,14,17,47,25,14,10,22,16,14,16,12,21,16,16,24,13,20,18,14,20
8EB0C1FA,10,12,6,16,7,10,5,15,10,30,39,13,13,7,6,5,34,9,11,7,4,9,14,7,7,11,8,12,3,18,8,4,1,3,2,1,8,6,7,10,9,15,9,7,15,7,13,10,3,7,8,8
8F268682,6,6,8,10,0,1,3,6,0,2,5,1,0,1,2,1,1,0,0,0,0,0,0,0,0,0,1,0,0,0,0,2,1,0,0,0,0,1,0,0,0,5,9,10,16,12,14,9,4,5,17,12
9437D635,4,3,14,12,6,9,8,6,3,12,6,3,3,5,6,8,19,15,9,7,6,3,5,2,0,0,1,1,1,0,0,2,4,0,3,0,2,2,4,9,6,3,16,12,9,11,10,8,5,9,3,8
94A44032,8,5,3,11,3,9,9,4,4,5,13,12,11,12,11,7,44,22,17,11,9,10,10,6,2,4,3,3,6,3,1,6,8,4,6,14,7,12,4,6,5,7,7,6,9,9,4,7,6,4,4,6
95E28A57,1,0,0,1,1,2,0,2,0,1,0,0,1,0,2,3,17,1,0,0,1,0,0,1,0,0,0,3,5,6,5,4,1,6,7,6,2,3,2,5,4,3,0,3,1,0,0,2,1,0,1,2
989B57D8,0,1,0,0,1,1,0,2,0,1,3,0,2,0,3,3,6,3,1,1,3,7,2,6,4,5,3,2,1,0,4,1,2,3,2,6,3,2,0,1,5,9,2,1,2,2,1,4,0,1,1,1
9A8E55D0,14,23,11,19,9,13,13,9,21,15,15,11,15,6,7,5,11,8,5,6,2,9,7,8,5,7,9,5,12,4,12,12,9,7,9,13,15,11,7,19,14,7,8,16,11,12,11,16,6,16,18,21
9C5ED06A,11,13,8,8,11,17,12,17,20,23,23,32,38,46,38,44,72,42,29,11,27,24,19,22,16,21,27,22,39,29,19,35,40,36,21,29,34,35,25,30,32,28,24,17,15,40,17,25,23,18,9,16
A091D50A,21,24,7,15,19,22,18,10,12,14,24,14,12,5,11,6,16,8,6,2,3,4,4,6,8,1,2,2,5,6,2,3,5,3,8,11,9,6,9,19,8,19,11,9,23,37,23,19,6,18,23,22
A47B0BD4,7,13,2,7,2,4,3,2,5,5,13,11,6,3,8,3,7,0,0,0,0,0,0,0,0,0,1,9,5,9,8,9,6,15,13,12,29,11,21,22,24,17,24,26,40,15,14,18,4,13,7,11
A5F09E05,12,18,7,16,6,13,15,12,20,14,20,42,18,28,20,17,55,27,39,20,28,25,58,49,11,25,16,26,8,13,9,11,8,11,11,19,26,17,17,19,25,23,6,17,17,13,13,19,6,15,11,24
AA7901D8,28,29,11,34,19,20,11,21,20,24,33,37,24,18,23,13,27,18,16,7,23,23,18,26,10,18,12,19,18,12,11,20,14,28,22,34,19,27,16,24,46,42,22,18,21,15,17,21,18,38,13,31
AC2B812A,13,21,6,15,10,17,24,26,7,13,42,28,23,23,30,33,73,34,26,26,30,35,17,13,16,15,21,9,20,12,9,11,11,12,7,10,9,10,12,11,11,11,15,14,12,15,16,11,13,12,14,24
AF49F890,4,1,3,2,2,4,2,2,2,1,3,0,0,3,2,3,0,0,0,0,0,0,3,1,0,2,2,0,0,1,0,0,1,0,0,3,3,4,8,6,4,5,2,3,7,7,10,4,3,2,5,4
B01E8BD4,13,3,4,5,3,10,5,7,4,6,10,5,0,5,2,4,0,1,0,0,2,0,2,2,2,1,0,3,1,0,0,0,0,0,0,0,1,2,3,6,20,10,17,21,15,13,20,18,13,10,11,7
B182DED2,37,30,15,33,17,24,15,21,19,24,33,21,17,22,9,19,72,51,21,18,37,34,18,34,18,15,24,23,24,21,23,21,27,19,43,38,45,24,19,26,29,42,30,31,34,31,32,32,18,28,24,40
B4EE123D,2,1,2,2,0,3,1,14,6,4,11,2,5,1,2,4,0,2,2,4,2,4,3,5,2,2,2,0,3,2,0,0,2,0,2,1,0,0,0,2,2,4,1,1,1,3,2,2,1,1,2,2
B59E1863,12,14,10,28,18,18,22,29,21,34,35,28,45,26,36,37,144,75,23,23,28,24,16,13,10,13,24,10,17,12,19,9,12,22,16,16,13,14,18,36,18,17,15,13,18,10,12,12,19,17,22,21
B745D852,12,18,4,18,12,11,9,15,14,14,21,13,19,15,16,22,47,24,20,16,29,21,9,18,15,12,16,5,17,16,10,14,12,10,8,7,12,15,11,17,12,29,11,15,18,15,10,20,8,15,14,18
B9B272F4,14,12,11,20,11,15,7,10,11,11,19,32,8,12,20,11,43,30,16,13,11,18,14,18,15,23,20,9,26,10,14,11,8,5,12,17,18,10,19,20,13,14,15,12,20,18,13,18,14,15,15,21
B9EE9676,4,14,6,10,3,1,2,3,7,3,2,1,1,0,6,2,11,4,7,1,0,4,3,8,3,1,2,0,1,0,5,4,4,2,2,3,2,1,1,3,5,1,2,4,3,3,1,3,1,3,0,1
BA4C8A02,4,0,0,3,0,2,1,1,3,1,6,3,2,5,0,3,7,3,4,5,0,7,5,4,3,1,1,0,2,1,2,2,1,2,12,12,3,4,5,6,6,4,1,1,3,3,4,3,1,0,2,7
BAC33609,1,1,2,2,1,3,2,4,1,2,2,2,1,0,3,3,2,4,3,3,4,1,4,4,4,4,3,2,0,2,5,6,4,5,4,5,6,11,5,6,3,2,3,7,3,6,1,5,2,3,1,6
BBA2F9DF,0,0,1,2,3,6,3,6,0,7,16,9,10,10,12,13,57,18,13,14,9,18,13,15,6,12,9,1,2,3,2,2,0,0,0,1,0,0,0,16,1,2,0,0,0,1,0,0,0,0,0,0
BC06BC0D,0,0,1,0,0,0,0,0,0,0,1,0,1,1,12,8,9,12,6,5,4,10,24,15,8,5,12,8,15,11,10,8,10,6,9,10,5,1,0,0,0,0,0,0,0,0,0,0,0,0,1,0
BCF9A19A,8,5,9,10,12,6,6,6,6,11,16,13,10,6,14,9,48,19,9,15,33,14,18,9,10,8,8,3,9,7,5,8,9,9,13,11,11,11,9,22,17,23,21,32,12,10,18,14,4,5,19,7
BD0914CB,0,0,1,1,0,3,2,0,0,1,2,4,3,1,4,3,5,4,1,2,5,5,3,10,3,1,0,1,10,5,3,1,5,7,10,2,8,5,6,5,3,3,4,4,4,6,3,1,1,5,1,8
BD61BDEC,18,21,8,32,7,34,22,24,27,30,39,32,21,16,37,22,27,5,0,0,0,0,0,0,0,1,0,0,0,0,0,0,0,0,0,0,0,5,33,26,35,23,33,37,28,34,33,29,18,39,25,47
C235A4D7,9,13,5,12,8,9,4,6,5,13,14,8,4,7,1,3,22,7,8,3,2,14,16,14,3,4,0,1,1,1,1,1,4,1,0,4,2,3,6,13,13,4,2,6,9,3,16,4,2,3,35,13
C6E1197B,11,5,4,15,9,10,12,13,13,16,15,15,12,18,12,7,16,7,1,2,6,6,13,6,7,4,0,1,2,2,1,24,0,2,8,3,4,0,1,2,2,5,1,4,14,5,1,15,5,8,6,5
C9ABA616,3,2,0,5,0,1,3,9,2,2,3,1,3,5,2,13,9,10,6,4,2,4,20,4,3,2,5,4,6,8,5,5,2,2,17,23,10,4,6,4,1,3,2,6,6,8,4,2,1,2,4,5
CAA5E106,25,20,4,26,8,12,7,18,10,15,15,12,5,3,3,7,9,4,5,3,5,7,4,3,7,4,5,3,4,7,2,1,4,1,12,8,5,6,10,8,14,14,18,17,14,13,13,15,5,20,15,20
CB343E43,2,3,4,11,3,0,0,2,0,3,2,1,2,0,0,2,17,2,2,1,1,0,0,0,0,0,0,1,2,8,1,1,1,2,1,2,1,2,2,10,7,1,7,5,7,7,2,3,1,0,11,1
D05FFEF7,7,3,2,4,4,6,2,5,3,12,7,6,7,5,6,2,7,6,3,3,5,0,3,3,4,3,0,1,0,0,0,12,3,0,3,4,1,0,1,1,1,0,0,5,0,3,4,3,2,1,5,2
D13B9122,4,2,1,7,2,4,4,1,2,3,9,2,3,2,3,5,13,11,5,4,5,6,4,1,4,9,0,6,2,3,6,1,5,0,4,1,9,4,5,1,2,9,2,3,2,4,5,2,0,4,2,3
D201EB72,11,12,8,21,14,20,4,6,5,8,15,9,3,3,2,3,0,0,0,0,0,0,0,1,1,0,0,0,0,0,2,0,0,0,0,1,0,2,1,12,7,6,4,19,8,5,19,8,4,4,19,6
D3A260BC,7,12,8,11,8,2,1,2,1,3,2,1,0,0,1,0,0,1,0,0,0,0,0,0,0,0,0,0,0,0,0,0,0,0,0,0,0,0,0,0,0,1,8,3,6,14,12,7,2,3,50,7
DE0971C1,3,1,0,1,0,0,0,1,1,0,0,0,2,0,2,0,2,0,2,1,4,0,3,6,1,4,6,5,6,3,2,10,2,2,5,1,9,5,2,3,1,0,1,2,2,2,1,0,1,2,1,2
DE473F42,0,0,0,0,0,0,0,0,0,0,5,4,9,7,12,8,49,8,9,5,7,6,7,7,2,3,13,4,3,4,1,0,4,2,0,2,0,0,1,2,2,2,0,1,0,1,0,0,0,0,0,0
E0A04985,0,0,0,0,0,0,0,0,0,0,0,0,0,0,6,6,44,24,14,10,16,18,8,7,12,4,3,7,10,6,0,4,3,1,0,1,0,0,0,0,0,0,0,0,0,0,1,0,0,0,0,0
E196D6F9,3,11,19,9,5,2,0,9,3,4,3,0,1,0,1,0,1,0,0,0,3,0,2,1,0,0,4,2,0,1,0,1,1,0,0,2,0,1,8,9,12,9,5,6,5,8,2,3,3,3,31,5
E6F3BA54,0,0,0,0,0,0,0,0,0,0,0,0,0,0,1,2,3,1,3,2,4,8,2,0,1,0,1,0,0,1,5,8,21,21,25,42,14,10,4,9,1,0,0,0,0,0,0,0,0,0,0,0
E7A14E91,15,15,7,23,11,20,14,9,9,7,14,21,8,3,20,4,4,2,2,0,0,0,1,1,3,3,3,15,5,8,29,4,19,16,11,17,22,9,9,15,13,7,6,8,27,6,17,11,8,14,5,9
EA4D6C0B,34,38,18,20,14,29,19,31,15,21,33,13,19,9,10,10,41,13,6,12,19,14,8,13,11,12,19,19,20,13,14,19,9,6,13,16,14,20,11,20,20,14,24,30,23,23,36,19,22,39,38,41
EA5E858A,9,7,10,13,3,13,9,6,9,11,15,25,17,30,27,17,33,21,14,11,32,28,18,17,12,11,12,13,14,11,16,10,12,10,23,25,21,15,11,20,13,17,8,13,16,9,8,11,6,9,15,16
EB98812F,7,10,8,12,2,13,10,9,8,15,9,9,4,7,5,13,9,6,4,5,6,6,2,2,3,2,7,9,12,9,12,13,8,11,12,11,8,10,9,11,16,14,9,7,11,10,13,15,8,16,20,16
ED4CE8E7,24,29,15,31,20,22,12,11,12,15,20,7,10,5,9,6,11,2,2,2,1,0,1,3,2,0,1,0,0,1,2,1,4,1,2,3,5,9,13,16,21,25,16,17,26,22,23,24,9,14,100,30
F012ED4B,3,5,2,0,0,3,0,1,0,3,1,15,2,17,0,1,2,1,0,1,0,0,1,1,3,0,2,0,7,0,1,0,10,23,1,4,1,5,7,5,5,5,2,3,4,2,4,5,1,5,0,2
F59AB6B3,5,4,4,1,0,0,0,1,1,0,1,0,1,0,0,2,2,4,13,3,8,23,38,27,11,17,31,9,32,7,41,16,24,17,23,25,41,21,16,22,35,11,17,19,18,15,11,21,4,10,3,19
F5C181CA,1,0,0,0,0,0,0,1,0,0,11,3,6,10,22,6,24,25,12,7,10,30,19,20,13,17,12,7,8,10,9,2,0,0,0,1,0,1,0,0,0,0,0,0,0,0,0,0,0,0,1,1
F6C6C3F7,11,8,4,10,3,9,12,5,8,3,3,4,3,2,2,0,1,4,2,0,2,0,0,0,0,0,0,0,0,0,0,1,1,0,2,1,7,14,12,19,14,12,5,12,15,14,7,12,9,18,13,19
F6CA75F0,0,0,0,0,0,0,0,0,0,0,0,0,0,0,0,0,1,5,3,7,15,13,7,6,0,6,3,5,7,5,4,12,5,0,1,6,3,4,3,9,0,0,0,0,0,0,0,0,0,0,0,0
F9305BAA,7,4,2,4,5,2,2,5,5,3,7,16,4,10,9,8,11,15,24,4,1,3,6,1,2,0,2,4,5,4,10,2,5,8,12,5,4,6,7,6,4,10,8,5,7,1,6,7,6,3,0,7
F93AC929,7,7,1,5,11,5,6,3,4,3,8,10,4,10,8,16,37,22,18,18,24,37,21,10,10,12,25,12,9,7,12,9,10,11,15,16,18,11,11,28,12,9,6,11,11,7,4,7,2,6,4,5
FB738385,33,34,11,32,27,35,17,31,20,27,26,22,17,12,10,8,10,3,2,1,0,0,0,1,1,1,2,0,0,1,2,1,7,0,1,1,0,1,2,1,1,1,4,12,16,12,11,41,15,33,25,38
FC366114,5,4,3,8,9,6,4,8,4,8,5,7,6,5,7,4,13,11,4,2,4,5,10,14,2,1,4,5,6,8,7,9,11,5,13,8,8,8,8,9,1,6,1,1,1,7,5,1,1,5,6,1
FD2B0309,0,6,6,6,2,2,0,4,0,2,5,2,2,1,1,0,3,1,4,4,0,3,7,19,2,4,8,5,1,13,6,8,16,6,8,13,7,4,7,12,1,2,9,4,1,6,4,6,1,2,9,2
FED3756C,8,11,4,10,7,3,12,8,3,4,8,5,4,6,9,4,10,7,5,3,4,2,2,11,4,4,9,2,4,3,2,2,2,1,7,1,2,2,1,2,5,14,6,1,8,8,7,3,3,7,4,10
FF592882,6,6,4,9,5,6,7,23,12,5,13,11,17,5,8,10,12,9,8,14,24,16,8,11,18,6,5,5,6,10,11,6,11,6,11,23,9,14,8,7,9,16,7,13,5,6,4,7,7,13,7,8
FFF61080,2,2,4,2,0,4,0,3,2,2,4,7,5,4,6,7,9,6,1,0,4,4,2,6,0,1,2,4,5,1,3,4,0,1,5,5,5,3,5,8,5,5,0,2,2,1,1,1,2,4,1,5
